freq_mhz,probability,center_channel
18165.439987182617,0.722,28420096
18165.445709228516,0.705,28422144
