freq_mhz,probability,center_channel
18354.905700683594,0.838,24649728
18354.911422729492,0.876,24651776
