{
  "accuracy": 0.99325,
  "auc_roc": 0.998973875,
  "confusion_matrix": [
    [
      1989,
      11
    ],
    [
      16,
      1984
    ]
  ],
  "n_samples": 2000
}