freq_mhz,probability,center_channel
18332.789993286133,0.761,16734208
18332.784271240234,0.738,16732160
