freq_mhz,probability,center_channel
18124.74479675293,0.754,13854720
18187.246704101562,0.74,36225024
