freq_mhz,probability,is_eti,center_channel
8419.567108154297,0.894,True,651264
8419.561386108398,0.884,True,653312
8419.544219970703,0.849,True,659456
8419.538497924805,0.849,True,661504
8419.52133178711,0.879,True,667648
8419.515609741211,0.884,True,669696
