freq_mhz,probability,center_channel
18332.784271240234,0.858,16732160
18332.789993286133,0.744,16734208
