freq_mhz,probability,center_channel
18354.905700683594,0.803,24649728
18354.911422729492,0.846,24651776
