freq_mhz,probability,center_channel
18445.81184387207,0.823,57186304
18445.81756591797,0.748,57188352
18299.607849121094,0.715,4857856
