freq_mhz,probability,center_channel
18354.905700683594,0.706,24649728
18432.33070373535,0.783,52361216
