{
  "accuracy": 0.98925,
  "auc_roc": 0.997492,
  "confusion_matrix": [
    [
      1986,
      14
    ],
    [
      29,
      1971
    ]
  ],
  "n_samples": 2000
}