freq_mhz,probability,center_channel
18328.498458862305,0.736,15198208
18332.789993286133,0.728,16734208
18354.905700683594,0.713,24649728
18354.911422729492,0.761,24651776
