freq_mhz,probability,center_channel
18310.662841796875,0.717,8814592
18432.324981689453,0.725,52359168
18432.33070373535,0.72,52361216
